{"cameraMode":{"drawMode":0,"name":"Shaded","section":"Shading Mode"},"sceneLighting":false,"audioPlay":false,"sceneViewState":{"m_AlwaysRefresh":false,"showFog":true,"showSkybox":false,"showFlares":true,"showImageEffects":true,"showParticleSystems":true,"showVisualEffectGraphs":true,"m_FxEnabled":true},"in2DMode":false,"pivot":{"x":30.99416732788086,"y":12.993526458740235,"z":31.690139770507814},"rotation":{"x":-0.0943649634718895,"y":0.010893125087022782,"z":-0.001418482861481607,"w":-0.9956598877906799},"size":23.563350677490236,"orthographic":false}